{"hasAgeCategory": [0.19298073649406433, -0.33512067794799805, -0.039684660732746124, 0.18989412486553192, 0.305705189704895, -0.0940604880452156, -0.25762200355529785, -0.3336961567401886, -0.28746283054351807, -0.0226790402084589, -0.18105505406856537, 0.21958236396312714, -0.061844564974308014, -0.5036284327507019, 0.23692730069160461, -0.3927077651023865, 0.2750552296638489, -0.5071374177932739, -0.4658045768737793, -0.46213653683662415, -0.37553369998931885, 0.021681437268853188, -0.21016442775726318, 0.2102004438638687, -0.3204445242881775, 0.27221184968948364, -0.0910494476556778, -0.20998547971248627, -0.21971632540225983, -0.08774270862340927, -0.5220330357551575, -0.21379707753658295, 0.17718403041362762, 0.4200916588306427, 0.43056124448776245, 0.2820703089237213, -0.26318255066871643, -0.08595161139965057, 0.3212018311023712, -0.250787615776062, -0.15775004029273987, -0.11234885454177856, -0.19198530912399292, -0.060642410069704056, -0.2204580307006836, -0.07376720011234283, 0.03979221358895302, -0.4606356918811798, 0.41588538885116577, -0.07148166000843048], "hasBiomarker": [0.2473609745502472, -0.4667477011680603, -0.3840371370315552, -0.299753874540329, 0.33927908539772034, 0.012264923192560673, 0.04558160901069641, -0.3448306620121002, -0.2885826528072357, 0.31362420320510864, -0.21580654382705688, -0.20599216222763062, 0.17406652867794037, 0.18154381215572357, 0.42017415165901184, -0.4779694974422455, -0.24550971388816833, 0.017609788104891777, 0.07178178429603577, -0.16890409588813782, -0.35853150486946106, 0.3588930070400238, -0.4185884892940521, 0.15254509449005127, 0.1561804711818695, 0.18646885454654694, 0.4251505136489868, -0.34649890661239624, -0.34605124592781067, 0.43348434567451477, -0.10239743441343307, 0.33342570066452026, 0.1525626927614212, 0.38912487030029297, 0.3919283151626587, -0.1088244840502739, -0.2912382185459137, -0.3513828217983246, 0.31039541959762573, 0.12965792417526245, -0.13940630853176117, -0.49302181601524353, -0.19066458940505981, -0.16444526612758636, 0.29106026887893677, -0.10854358971118927, -0.5071703791618347, 0.05089899152517319, 0.42307913303375244, 0.2494209259748459], "hasGender": [0.11924029141664505, -0.010336006991565228, -0.37524405121803284, 0.25258660316467285, -0.05921582132577896, -0.15087635815143585, -0.5242815017700195, -0.28897520899772644, 0.11766655743122101, -0.21277044713497162, -0.14734503626823425, -0.14322666823863983, -0.17260095477104187, 0.1682102084159851, -0.13555002212524414, -0.21415561437606812, 0.3897963762283325, 0.023005975410342216, -0.42657262086868286, 0.06818623840808868, -0.3050940930843353, 0.38772302865982056, -0.37803247570991516, 0.3699798285961151, 0.2609591782093048, -0.255254864692688, 0.3502800464630127, -0.3096945285797119, 0.19389252364635468, 0.3371710181236267, -0.5209883451461792, -0.2734526991844177, -0.1705629527568817, 0.582179844379425, 0.45157650113105774, -0.09750694781541824, 0.15195535123348236, 0.4091326892375946, -0.03951127454638481, 0.274198979139328, -0.06999382376670837, -0.5059843063354492, 0.21837863326072693, 0.28165215253829956, 0.371507465839386, -0.1842872053384781, -0.2399379014968872, -0.5664761066436768, -0.0026643748860806227, -0.19115383923053741], "hasRelapse_Progression": [-0.23967048525810242, -0.014357811771333218, -0.07872644066810608, -0.24075593054294586, -0.02990889362990856, -0.4608219265937805, -0.3851138651371002, 0.11688689887523651, -0.3170729875564575, -0.1700582355260849, -0.19816282391548157, 0.1855335831642151, -0.06835319846868515, -0.2771221697330475, -0.1596645563840866, -0.4108053147792816, 0.21942204236984253, -0.22805725038051605, -0.022896666079759598, -0.07316222041845322, -0.29384690523147583, 0.39449450373649597, -0.3124558627605438, -0.1448737531900406, -0.26353299617767334, -0.1272510588169098, 0.39238592982292175, -0.02100376971065998, -0.20455193519592285, 0.248935729265213, -0.4552004933357239, -0.16919280588626862, -0.12907502055168152, 0.0974421575665474, 0.21477463841438293, 0.021740417927503586, 0.1384340524673462, 0.1569875180721283, 0.0983467698097229, -0.17882424592971802, 0.24948151409626007, -0.36658501625061035, -0.22243012487888336, 0.21615241467952728, -0.15490485727787018, 0.24614334106445312, 0.0204272773116827, -0.493074893951416, 0.3114882707595825, -0.06132173165678978], "hasSmokingHabit": [0.1430189311504364, -0.23588743805885315, -0.38459300994873047, 0.19033704698085785, 0.3549858629703522, -0.35263583064079285, 0.009332980029284954, 0.09315916150808334, 0.15865717828273773, 0.19933992624282837, -0.21059966087341309, -0.09525799006223679, 0.2996557950973511, -0.01490719523280859, -0.05807977542281151, 0.018564945086836815, 0.3209992051124573, -0.5094032287597656, -0.49852311611175537, -0.39360395073890686, -0.0016617511864751577, 0.00034756367676891387, -0.14232203364372253, -0.1271969974040985, 0.20753835141658783, 0.03839370980858803, 0.4285253882408142, -0.40911418199539185, 0.137026846408844, 0.38793623447418213, -0.5377272963523865, 0.08037696033716202, -0.2694801390171051, 0.5480049252510071, 0.21157318353652954, 0.36005377769470215, -0.21936707198619843, 0.3447006940841675, -0.09824104607105255, 0.32860317826271057, 0.23919983208179474, -0.0375363864004612, -0.22739195823669434, -0.22026656568050385, -0.24681556224822998, 0.3318854868412018, -0.23676231503486633, -0.1837066411972046, 0.37912240624427795, 0.22224009037017822], "hasStage": [0.04740452766418457, 0.02968689240515232, -0.22578348219394684, 0.14147447049617767, -0.1392083317041397, -0.33879002928733826, -0.34178245067596436, -0.18418870866298676, -0.2990625202655792, 0.010477329604327679, 0.0657428577542305, 0.1404264271259308, -0.1414906531572342, -0.1554953008890152, 0.19359558820724487, -0.3212891221046448, 0.13626405596733093, -0.3215276300907135, -0.3235056698322296, 0.10531493276357651, 0.0977853536605835, 0.26827359199523926, -0.20044006407260895, -0.17568330466747284, -0.1696610003709793, 0.22895441949367523, 0.04797884449362755, 0.0955238789319992, 0.12817330658435822, -0.043498359620571136, -0.45367807149887085, 0.20075108110904694, 0.15342186391353607, 0.27221372723579407, 0.21457049250602722, 0.24271553754806519, -0.22570881247520447, 0.21332085132598877, 0.3150647282600403, 0.08907127380371094, 0.10323542356491089, -0.25672465562820435, -0.09078626334667206, -0.1763390302658081, 0.04180370643734932, -0.1270081251859665, -0.3267615735530853, -0.24727174639701843, 0.28391769528388977, 0.1845536231994629], "patientDrug": [0.14441610872745514, -0.3852529227733612, -0.339518666267395, -0.2454024851322174, 0.2315768301486969, -0.42587828636169434, -0.3505653142929077, 0.10039204359054565, 0.1133774146437645, 0.11152700334787369, 0.27239906787872314, 0.2389923483133316, 0.27663344144821167, -0.2832382023334503, -0.051249708980321884, -0.4333103597164154, -0.04006681218743324, -0.3762100636959076, -0.34216853976249695, -0.21875588595867157, 0.007365325931459665, -7.343675679294392e-05, 0.11045261472463608, -0.1817818284034729, -0.2513795495033264, -0.09229429066181183, 0.05429957062005997, -0.11945798248052597, -0.11285088956356049, 0.3004077970981598, -0.41175246238708496, 0.1462850421667099, -0.145368292927742, 0.2214544415473938, 0.4296012818813324, 0.30845165252685547, -0.24600619077682495, 0.08604589849710464, -0.06185548007488251, -0.13752152025699615, -0.1382291167974472, -0.3526083528995514, 0.27521809935569763, 0.29346176981925964, 0.2341957986354828, 0.2728390097618103, -0.38905957341194153, -0.3488121032714844, 0.31656405329704285, -0.17235663533210754],