{"hasAgeCategory": [[-0.731314480304718, 0.6820404529571533], [0.5856809020042419, -0.8105417490005493], [-0.7141993045806885, -0.6999423503875732], [-0.8235613107681274, 0.5672272443771362], [0.745048999786377, 0.6670097708702087], [0.6653692722320557, -0.7465144395828247], [0.613361656665802, 0.7898021340370178], [-0.7786197066307068, 0.627496063709259], [0.5885007977485657, 0.8084965944290161], [-0.7537029385566711, 0.6572152972221375], [0.6787185668945312, -0.7343985438346863], [-0.7177824378013611, -0.6962674260139465], [-0.7470393776893616, 0.6647797226905823], [-0.8058002591133118, 0.5921875238418579], [0.7489987015724182, -0.662571370601654], [0.7992548942565918, -0.6009922623634338], [-0.7068280577659607, -0.7073853015899658], [0.647935152053833, 0.7616955637931824], [0.7606623768806458, -0.6491477489471436], [-0.6816012859344482, 0.7317238450050354], [-0.7382316589355469, -0.6745473146438599], [-0.71601802110672, -0.6980817914009094], [0.7059745192527771, -0.7082371711730957], [0.723676860332489, 0.6901389360427856], [0.6876257658004761, 0.7260653972625732], [-0.620940089225769, 0.783858060836792], [-0.7280996441841125, -0.6854713559150696], [0.6131054162979126, -0.7900010347366333], [0.5900944471359253, 0.8073342442512512], [-0.7748047709465027, -0.6322005987167358], [0.6296330094337463, -0.7768927812576294], [-0.7933012843132019, 0.6088292598724365], [0.6060463190078735, -0.7954293489456177], [-0.6596407890319824, -0.751581072807312], [-0.6650880575180054, 0.7467649579048157], [-0.7574662566184998, -0.6528743505477905], [0.6531355381011963, -0.7572409510612488], [0.5789380669593811, 0.815371572971344], [0.7555848956108093, 0.6550506353378296], [-0.7279185056686401, -0.6856635808944702], [0.698821485042572, 0.7152961492538452], [0.6760978102684021, 0.7368117570877075], [0.6587488651275635, -0.7523629069328308], [0.6742096543312073, -0.7385400533676147], [-0.6803667545318604, -0.7328718304634094], [-0.7625528573989868, -0.6469258666038513], [0.6248807311058044, -0.7807201147079468], [0.6947076320648193, -0.7192922830581665], [0.7364200353622437, 0.6765245795249939], [0.730543851852417, 0.6828657984733582]], "hasBiomarker": [[0.6915020942687988, 0.7223745584487915], [0.701468288898468, 0.7127004861831665], [-0.6646370887756348, -0.7471663355827332], [0.5346444249153137, -0.8450771570205688], [0.719721794128418, -0.6942626237869263], [0.6916130185127258, -0.722268283367157], [0.6622339487075806, -0.7492970824241638], [-0.7238843441009521, 0.6899214386940002], [-0.7991149425506592, 0.6011783480644226], [0.6589407920837402, -0.7521947622299194], [-0.7583086490631104, -0.6518958210945129], [0.6654256582260132, 0.7464641332626343], [-0.6867089867591858, -0.7269324660301208], [-0.748429000377655, 0.6632148027420044], [-0.7706925868988037, 0.6372072100639343], [-0.7441442608833313, 0.6680189371109009], [0.7219606637954712, -0.6919340491294861], [0.7103945016860962, -0.7038036584854126], [-0.6452857851982117, 0.7639412879943848], [0.6709699630737305, 0.741484522819519], [-0.7158698439598083, -0.6982337236404419], [-0.5156033039093018, -0.8568274974822998], [0.6584040522575378, 0.7526646256446838], [0.7119728326797485, 0.7022069692611694], [0.6743991374969482, -0.7383670210838318], [-0.7123121023178101, 0.7018628120422363], [0.6758920550346375, 0.7370007038116455], [-0.7615600824356079, -0.6480943560600281], [0.7400345802307129, 0.6725687384605408], [-0.7529808282852173, 0.6580424308776855], [-0.6856398582458496, 0.7279408574104309], [-0.8175944685935974, 0.5757943987846375], [0.6094709038734436, -0.792808473110199], [-0.7324366569519043, 0.6808350682258606], [-0.6757472157478333, 0.7371334433555603], [0.6486732363700867, 0.7610669732093811], [-0.7233288884162903, 0.6905037760734558], [-0.7525205612182617, 0.658568799495697], [-0.7555505633354187, -0.6550903916358948], [-0.7203033566474915, -0.6936591863632202], [0.7062290906906128, -0.7079833745956421], [0.5825039744377136, 0.8128277659416199], [0.6661772727966309, 0.7457934617996216], [-0.6843066811561584, 0.7291943430900574], [-0.7601251006126404, -0.6497766971588135], [-0.7604037523269653, -0.6494506001472473], [-0.7317296266555786, 0.6815950870513916], [0.7241190075874329, -0.689674973487854], [-0.7122138142585754, -0.7019625902175903], [-0.7500777244567871, 0.6613496541976929]], "hasGender": [[-0.7429906129837036, -0.6693018078804016], [-0.6584034562110901, -0.7526652812957764], [-0.7194920182228088, 0.694500744342804], [0.5646519064903259, -0.8253291845321655], [-0.7112472653388977, 0.7029420137405396], [-0.7037394642829895, -0.7104581594467163], [0.7383283376693726, 0.674441397190094], [-0.7406867742538452, 0.6718505620956421], [-0.6892189979553223, 0.7245530486106873], [0.6135532855987549, 0.7896532416343689], [0.5931726098060608, 0.8050752878189087], [-0.6796829104423523, 0.7335060238838196], [0.7004803419113159, -0.7136717438697815], [-0.6883159279823303, 0.7254109978675842], [-0.741742730140686, -0.6706844568252563], [-0.655975878238678, 0.7547818422317505], [0.7199485898017883, -0.6940274238586426], [0.7222391366958618, 0.6916434168815613], [0.6219534873962402, -0.7830542325973511], [-0.6832265853881836, -0.7302064895629883], [0.7398035526275635, -0.6728229522705078], [0.6647483706474304, -0.747067391872406], [0.6628297567367554, -0.7487700581550598], [-0.6835646033287048, 0.7298900485038757], [-0.7423939108848572, 0.669963538646698], [0.7436941266059875, 0.6685199737548828], [0.7154031991958618, 0.6987119317054749], [-0.6712678074836731, -0.7412148714065552], [0.6431784629821777, -0.7657163143157959], [0.6073200106620789, -0.7944573163986206], [0.6607872843742371, -0.7505732178688049], [-0.7170588970184326, -0.6970125436782837], [-0.7301190495491028, -0.6833199858665466], [0.7015913724899292, -0.7125795483589172], [0.7473147511482239, 0.6644701957702637], [0.6442429423332214, -0.7648209929466248], [-0.7091836333274841, -0.7050237655639648], [-0.7135891914367676, 0.7005642652511597], [-0.6325348615646362, 0.7745318412780762], [-0.7138976454734802, -0.7002500891685486], [0.6667484045028687, -0.7452828288078308], [-0.7311441898345947, 0.6822229027748108], [0.6776682138442993, -0.7353677153587341], [0.7099036574363708, 0.7042987942695618], [-0.6791627407073975, -0.7339876294136047], [-0.7999476194381714, -0.6000698208808899], [-0.7098634243011475, 0.704339325428009], [-0.7023292183876038, -0.7118522524833679], [-0.745418131351471, -0.6665971875190735], [-0.7749673128128052, 0.6320012807846069]],