{"hasAgeCategory": [[-0.7382791638374329, 0.6744951605796814], [0.67570960521698, -0.73716801404953], [-0.7407557964324951, -0.6717743277549744], [-0.7680026292800903, 0.640446662902832], [0.6897844076156616, 0.7240148186683655], [0.7066450715065002, -0.7075682282447815], [0.6571983098983765, 0.7537177205085754], [-0.7516799569129944, 0.6595280170440674], [0.6394219994544983, 0.7688559889793396], [-0.734402596950531, 0.6787140369415283], [0.6668726205825806, -0.7451717257499695], [-0.691939115524292, -0.7219559550285339], [-0.7199683785438538, 0.6940068602561951], [-0.7453951239585876, 0.6666228771209717], [0.7335952520370483, -0.6795865297317505], [0.5820441246032715, -0.8131571412086487], [-0.7174181938171387, -0.6966427564620972], [0.6579175591468811, 0.753089964389801], [0.7276564240455627, -0.6859418153762817], [-0.7103440165519714, 0.7038546204566956], [-0.7352890968322754, -0.6777536273002625], [-0.7080530524253845, -0.7061593532562256], [0.6968337893486023, -0.7172326445579529], [0.7047855854034424, 0.709420382976532], [0.7010805010795593, 0.7130821347236633], [-0.7237536907196045, 0.6900584101676941], [-0.6886206865310669, -0.7251216769218445], [0.6757727265357971, -0.7371100783348083], [0.6835047006607056, 0.7299461364746094], [-0.7565972805023193, -0.6538810729980469], [0.6941973567008972, -0.719784677028656], [-0.7501404881477356, 0.661278486251831], [0.6912873387336731, -0.7225798964500427], [-0.7437448501586914, -0.6684636473655701], [-0.6925085783004761, 0.7214096188545227], [-0.7155312299728394, -0.6985807418823242], [0.705356776714325, -0.7088524699211121], [0.6543651223182678, 0.7561786770820618], [0.6350215673446655, 0.7724944353103638], [-0.7293320894241333, -0.6841598749160767], [0.7142720818519592, 0.6998680233955383], [0.6551190614700317, 0.7555256485939026], [0.682095468044281, -0.7312631607055664], [0.6875596046447754, -0.7261279821395874], [-0.9212880730628967, -0.3888809382915497], [-0.7255911231040955, -0.6881260275840759], [0.6703795194625854, -0.7420182824134827], [0.6927608847618103, -0.7211673259735107], [0.7020061612129211, 0.7121708989143372], [0.6582401394844055, 0.7528080344200134]], "hasBiomarker": [[0.7020746469497681, 0.7121033668518066], [0.7714132070541382, 0.6363345384597778], [-0.664669930934906, -0.7471371293067932], [0.5784303545951843, -0.8157317638397217], [0.7174105644226074, -0.6966506242752075], [0.6921699047088623, -0.7217345237731934], [0.7027589082717896, -0.7114280462265015], [-0.7338027954101562, 0.6793625950813293], [-0.8042739033699036, 0.5942588448524475], [0.6673883199691772, -0.744709849357605], [-0.7816745042800903, -0.6236865520477295], [0.7529430389404297, 0.6580857038497925], [-0.5926249623298645, -0.8054785132408142], [-0.811776876449585, 0.5839677453041077], [-0.7311280369758606, 0.6822401881217957], [-0.6795779466629028, 0.7336034178733826], [0.818894624710083, -0.5739438533782959], [0.8819934725761414, -0.471261590719223], [-0.3998992443084717, 0.916559100151062], [0.6076232194900513, 0.7942254543304443], [-0.723412811756134, -0.6904157996177673], [-0.1109713762998581, -0.9938235878944397], [0.6834166646003723, 0.7300285696983337], [0.8748549222946167, 0.4843849837779999], [0.6802324056625366, -0.7329964637756348], [-0.6538729071617126, 0.7566044330596924], [0.6323864459991455, 0.7746530175209045], [-0.8131275177001953, -0.5820855498313904], [0.9238678812980652, 0.3827115297317505], [-0.7066982388496399, 0.7075151801109314], [-0.6211573481559753, 0.7836858630180359], [-0.9678921699523926, 0.251365602016449], [0.39425772428512573, -0.9189999103546143], [-0.8113211393356323, 0.5846007466316223], [-0.5994138717651367, 0.8004392385482788], [0.8072887063026428, 0.5901566743850708], [-0.7173769474029541, 0.6966851353645325], [-0.6844592690467834, 0.7290510535240173], [-0.9228730201721191, -0.3851045072078705], [-0.6735561490058899, -0.7391360402107239], [0.7392355799674988, -0.6734469532966614], [0.636214554309845, 0.7715120911598206], [0.4922119081020355, 0.8704754114151001], [-0.6680142283439636, 0.7441485524177551], [-0.7032954096794128, -0.71089768409729], [-0.7079943418502808, -0.7062180638313293], [-0.7146576642990112, 0.6994743943214417], [0.7196870446205139, -0.6942985653877258], [-0.8402751088142395, -0.5421602725982666], [-0.7925089597702026, 0.6098602414131165]], "hasGender": [[-0.7125331163406372, -0.7016384601593018], [-0.6862836480140686, -0.7273339629173279], [-0.7640129923820496, 0.645200788974762], [0.6725667715072632, -0.7400364279747009], [-0.711041271686554, 0.7031502723693848], [-0.7503026127815247, -0.661094605922699], [0.6701331734657288, 0.7422409653663635], [-0.7452675700187683, 0.666765570640564], [-0.7492793202400208, 0.6622541546821594], [0.9429702162742615, 0.33287712931632996], [0.753675103187561, 0.6572473049163818], [-0.7630289196968079, 0.6463642716407776], [0.73587566614151, -0.6771166324615479], [-0.716160774230957, 0.6979352235794067], [-0.725540041923523, -0.6881799101829529], [-0.7509385347366333, 0.6603720188140869], [0.9995455741882324, 0.03014291450381279], [0.6779555082321167, 0.7351028323173523], [0.7373479008674622, -0.6755132079124451], [-0.7962226867675781, -0.6050035953521729], [0.6789897084236145, -0.734147846698761], [0.7794027328491211, -0.6265233159065247], [0.7111943364143372, -0.7029954791069031], [-0.7372686266899109, 0.6755997538566589], [-0.6843274831771851, 0.7291747331619263], [0.713594377040863, 0.7005590796470642], [0.6694015264511108, 0.7429007887840271], [-0.7984147071838379, -0.60210782289505], [0.6833034157752991, -0.7301345467567444], [0.6476200819015503, -0.7619633674621582], [0.6861565113067627, -0.7274539470672607], [-0.7167537808418274, -0.6973263025283813], [-0.7238566875457764, -0.6899503469467163], [0.8786055445671082, -0.477548211812973], [0.7034119367599487, 0.7107823491096497], [0.6859652400016785, -0.7276342511177063], [-0.6942193508148193, -0.7197635173797607], [-0.7297757863998413, 0.6836865544319153], [-0.7263970971107483, 0.6872751712799072], [-0.7542862892150879, -0.6565456390380859], [0.7160101532936096, -0.6980898976325989], [-0.7006416320800781, 0.7135133147239685], [0.7001422643661499, -0.7140032649040222], [0.6744617819786072, 0.7383098006248474], [-0.8518882393836975, 0.5237236618995667], [-0.6411024928092957, -0.7674552798271179], [-0.6906471848487854, 0.7231918573379517], [-0.7093920707702637, -0.7048139572143555], [-0.7495954632759094, -0.6618962287902832], [-0.7304501533508301, 0.6829659342765808]],