{"hasAgeCategory": [0.16600099205970764, -0.3138781189918518, -0.1417573243379593, 0.10614996403455734, 0.3066350817680359, 0.02809501625597477, -0.3596871793270111, -0.29905229806900024, -0.19247035682201385, -0.07742702960968018, -0.03723174333572388, 0.20632366836071014, -0.07344866544008255, -0.3717438876628876, 0.2386939376592636, -0.4528507590293884, 0.3388310670852661, -0.44726651906967163, -0.42489540576934814, -0.37926018238067627, -0.373386412858963, 0.12285185605287552, -0.08875478059053421, 0.08590850979089737, -0.29371020197868347, 0.26033318042755127, -0.09300437569618225, -0.18444868922233582, -0.2505679726600647, -0.06806711852550507, -0.5369373559951782, -0.21261797845363617, 0.09956996887922287, 0.45815593004226685, 0.4885338246822357, 0.23854251205921173, -0.2451629489660263, -0.08961805701255798, 0.1726384162902832, -0.26534348726272583, -0.12793561816215515, 0.0736742690205574, -0.1791478991508484, -0.009672210551798344, -0.2054208219051361, -0.029655687510967255, -0.031348228454589844, -0.40324339270591736, 0.3569560647010803, -0.09519834816455841], "hasBiomarker": [0.2947206199169159, -0.4754508137702942, -0.40625447034835815, -0.29279616475105286, 0.3588644564151764, 0.053822193294763565, 0.0320790633559227, -0.3615192770957947, -0.24786803126335144, 0.27372053265571594, -0.20962394773960114, -0.13417790830135345, 0.2597833275794983, 0.214884951710701, 0.4510292708873749, -0.4915851652622223, -0.25155988335609436, 0.07416743785142899, 0.10992845892906189, -0.14685271680355072, -0.3825693428516388, 0.40501758456230164, -0.38381049036979675, 0.14050649106502533, 0.05075432360172272, 0.12374400347471237, 0.37321925163269043, -0.3842255175113678, -0.3619503080844879, 0.4538672864437103, -0.17647720873355865, 0.3363141715526581, 0.11345063894987106, 0.4600522518157959, 0.42084670066833496, -0.1891913264989853, -0.3211979568004608, -0.2652762532234192, 0.2340715378522873, 0.07744911313056946, -0.1009562537074089, -0.4355376362800598, -0.20741666853427887, -0.10977858304977417, 0.2887868881225586, -0.05397661030292511, -0.48909851908683777, 0.1318475902080536, 0.4477711617946625, 0.24260485172271729], "hasGender": [0.33440306782722473, 0.011347508057951927, -0.4703395962715149, 0.26164308190345764, -0.005745860747992992, -0.1804768592119217, -0.5481472611427307, -0.26678141951560974, 0.21851029992103577, -0.22458258271217346, -0.12494830042123795, -0.033081602305173874, -0.11211072653532028, 0.2181014120578766, -0.06512811779975891, -0.290779709815979, 0.31876036524772644, -0.035298820585012436, -0.3944763243198395, 0.20978505909442902, -0.3118460476398468, 0.5066397786140442, -0.3407641649246216, 0.316653847694397, 0.20180858671665192, -0.18304769694805145, 0.3295254409313202, -0.3461848795413971, 0.16733355820178986, 0.26027369499206543, -0.6321820020675659, -0.2825319766998291, -0.23853233456611633, 0.6259976625442505, 0.4720003604888916, -0.0009218869381584227, 0.06665515154600143, 0.46202170848846436, -0.14264501631259918, 0.23126120865345, 0.15859992802143097, -0.43545347452163696, 0.15672805905342102, 0.34726279973983765, 0.33305129408836365, -0.11567793041467667, -0.22870473563671112, -0.479921817779541, 0.11389869451522827, -0.21009118854999542], "hasRelapse_Progression": [-0.11783876270055771, 0.02112770266830921, -0.21324709057807922, -0.18597665429115295, 0.07453247904777527, -0.4377588927745819, -0.43262362480163574, 0.08673929423093796, -0.23999691009521484, -0.12932048738002777, -0.15982921421527863, 0.2516351342201233, -0.04700871556997299, -0.2107410728931427, -0.07889128476381302, -0.4342670738697052, 0.2774382531642914, -0.20705610513687134, -0.021263131871819496, -0.003244678257033229, -0.30360978841781616, 0.44324272871017456, -0.17170391976833344, -0.06569749116897583, -0.28652238845825195, -0.14550989866256714, 0.40680524706840515, -0.19737538695335388, -0.17967617511749268, 0.2621370255947113, -0.4984462261199951, -0.23606470227241516, -0.08261854201555252, 0.2734653055667877, 0.04223446175456047, 0.0074374061077833176, 0.026861194521188736, 0.20321407914161682, -0.06250782310962677, -0.254925400018692, 0.2871047556400299, -0.30281126499176025, -0.27488183975219727, 0.3647734224796295, -0.10771165788173676, 0.39124637842178345, -0.04562901705503464, -0.47693029046058655, 0.27448156476020813, -0.1434750109910965], "hasSmokingHabit": [0.19667905569076538, -0.22497975826263428, -0.3887694478034973, 0.2424195408821106, 0.3536612093448639, -0.33439376950263977, -0.014932787045836449, 0.06304404139518738, 0.1686534434556961, 0.17071981728076935, -0.1755160689353943, -0.018556108698248863, 0.28811654448509216, 0.13798204064369202, -0.016146836802363396, -0.004710519686341286, 0.3559015095233917, -0.4639088809490204, -0.4341762363910675, -0.32922929525375366, -0.04039459675550461, 0.04080011695623398, -0.11631462723016739, -0.12665459513664246, 0.15293440222740173, 0.10872829705476761, 0.37666836380958557, -0.4204956591129303, 0.12124387919902802, 0.3173578083515167, -0.5540279150009155, 0.009662127122282982, -0.28369802236557007, 0.5890083312988281, 0.13282112777233124, 0.290657639503479, -0.261586457490921, 0.3963826596736908, -0.15772823989391327, 0.26893389225006104, 0.33176523447036743, 0.05539155378937721, -0.2835124135017395, -0.17706328630447388, -0.2652188241481781, 0.36609548330307007, -0.1601898968219757, -0.11400628089904785, 0.35763707756996155, 0.18595804274082184], "hasStage": [0.15791814029216766, -0.0015633495058864355, -0.28325155377388, 0.17151299118995667, -0.10266178846359253, -0.31392598152160645, -0.32477155327796936, -0.1896042376756668, -0.2395133674144745, -0.026765335351228714, 0.09950995445251465, 0.21501342952251434, -0.1153159886598587, -0.07413456588983536, 0.22401538491249084, -0.3708435595035553, 0.18093541264533997, -0.292858749628067, -0.321911484003067, 0.1441856175661087, 0.04734170436859131, 0.3169204890727997, -0.13368761539459229, -0.13421186804771423, -0.23577247560024261, 0.2133180946111679, 0.03756887465715408, 0.019216222688555717, 0.09402167052030563, -0.05211593955755234, -0.4803456962108612, 0.14747923612594604, 0.07947369664907455, 0.35384511947631836, 0.2263433188199997, 0.22128750383853912, -0.2734619379043579, 0.2999500632286072, 0.23159100115299225, 0.05287008732557297, 0.17472879588603973, -0.22068409621715546, -0.13825131952762604, -0.11049440503120422, 0.0055005112662911415, -0.04856763035058975, -0.2993946373462677, -0.13110871613025665, 0.2243068665266037, 0.13464438915252686], "patientDrug": [0.17254307866096497, -0.3734239339828491, -0.3748056888580322, -0.2570163905620575, 0.2379123568534851, -0.4004705250263214, -0.335758239030838, 0.046080563217401505, 0.1341685801744461, 0.1047208160161972, 0.22667749226093292, 0.26474907994270325, 0.3057778477668762, -0.26675179600715637, 0.01871866174042225, -0.44998931884765625, -0.028677113354206085, -0.3662321865558624, -0.3339540660381317, -0.15404263138771057, 0.02049376256763935, -0.001000134856440127, 0.14486199617385864, -0.22296009957790375, -0.2824181020259857, -0.0902644693851471, 0.059125762432813644, -0.1822335422039032, -0.09893940389156342, 0.30438268184661865, -0.4098743498325348, 0.15890534222126007, -0.13493449985980988, 0.27906274795532227, 0.4250345528125763, 0.2740991711616516, -0.28790488839149475, 0.09580942988395691, -0.1468735933303833, -0.13035739958286285, 0.060794610530138016, -0.3529614508152008, 0.2254021167755127, 0.2937885522842407, 0.2257743626832962, 0.3044924736022949, -0.35867369174957275, -0.3046877980232239, 0.30436447262763977, -0.19450199604034424],